Workbook

Sheet Tổng Quan
A1: BÁO CÁO KIỂM THỬ - BÀI 6
A2: User Management System - CRUD Operations
A4: Tên dự án: | B4: User Management System
A5: Module: | B5: User CRUD Operations
A6: Người test: | B6: Your Name
A7: Ngày test: | B7: 03/02/2026
A8: Môi trường: | B8: Windows 10, Java 1.8, SQL Server 2019, Maven 3.9.12
A9: Phiên bản: | B9: 1.0-SNAPSHOT
A10: Database: | B10: lab6_testing
A12: TÓM TẮT KẾT QUẢ KIỂM THỬ
A13: Loại Test | B13: Tổng số TC | C13: Passed | D13: Failed | E13: Blocked | F13: Pass Rate (%)
A14: Positive Testing | B14: 17 | C14: =COUNTIFS('CREATE Tests'!H6:H20,"Pass",'CREATE Tests'!C6:C20,"Positive")+COUNTIFS('UPDATE Tests'!H6:H12,"Pass",'UPDATE Tests'!C6:C12,"Positive")+COUNTIFS('DELETE Tests'!H6:H9,"Pass")+COUNTIFS('RESET Tests'!H6:H7,"Pass")+COUNTIFS('SELECT Tests'!H6:H7,"Pass") -> 0 | F14: =IF(B13>0,C13/B13*100,0) -> #VALUE!
A15: Negative Testing | B15: 23 | C15: =COUNTIFS('CREATE Tests'!H6:H35,"Pass",'CREATE Tests'!C6:C35,"Negative")+COUNTIFS('UPDATE Tests'!H6:H12,"Pass",'UPDATE Tests'!C6:C12,"Negative")+COUNTIFS('DELETE Tests'!H6:H9,"Pass",'DELETE Tests'!C6:C9,"Negative") -> 0 | F15: =IF(B14>0,C14/B14*100,0) -> 0
A16: Boundary Value | B16: 10 | C16: =COUNTIFS('CREATE Tests'!H6:H35,"Pass",'CREATE Tests'!C6:C35,"Boundary") -> 0 | F16: =IF(B15>0,C15/B15*100,0) -> 0
A17: Integration Testing | B17: 5 | C17: =COUNTIF('INTEGRATION Tests'!H6:H10,"Pass") -> 0 | F17: =IF(B16>0,C16/B16*100,0) -> 0
A18: TỔNG CỘNG | B18: 50 | C18: =SUM(C13:C16) -> 0 | D18: =COUNTIF('CREATE Tests'!H6:H35,"Fail")+COUNTIF('UPDATE Tests'!H6:H12,"Fail")+COUNTIF('DELETE Tests'!H6:H9,"Fail")+COUNTIF('RESET Tests'!H6:H7,"Fail")+COUNTIF('SELECT Tests'!H6:H7,"Fail")+COUNTIF('INTEGRATION Tests'!H6:H10,"Fail") -> 0 | F18: =IF(B17>0,C17/B17*100,0) -> 0
A20: PHÂN LOẠI THEO CHỨC NĂNG
A21: Loại Test | B21: Tổng số TC | C21: Passed | D21: Failed | E21: Blocked | F21: Pass Rate (%)
A22: CREATE | B22: 30 | C22: =COUNTIF('CREATE Tests'!H6:H35,"Pass") -> 0 | D22: =COUNTIF('CREATE Tests'!H6:H35,"Fail") -> 0 | F22: =IF(B21>0,C21/B21*100,0) -> #VALUE!
A23: UPDATE | B23: 7 | C23: =COUNTIF('UPDATE Tests'!H6:H12,"Pass") -> 0 | D23: =COUNTIF('UPDATE Tests'!H6:H12,"Fail") -> 0 | F23: =IF(B22>0,C22/B22*100,0) -> 0
A24: DELETE | B24: 4 | C24: =COUNTIF('DELETE Tests'!H6:H9,"Pass") -> 0 | D24: =COUNTIF('DELETE Tests'!H6:H9,"Fail") -> 0 | F24: =IF(B23>0,C23/B23*100,0) -> 0
A25: RESET | B25: 2 | C25: =COUNTIF('RESET Tests'!H6:H7,"Pass") -> 0 | D25: =COUNTIF('RESET Tests'!H6:H7,"Fail") -> 0 | F25: =IF(B24>0,C24/B24*100,0) -> 0
A26: SELECT | B26: 2 | C26: =COUNTIF('SELECT Tests'!H6:H7,"Pass") -> 0 | D26: =COUNTIF('SELECT Tests'!H6:H7,"Fail") -> 0 | F26: =IF(B25>0,C25/B25*100,0) -> 0
A27: INTEGRATION | B27: 5 | C27: =COUNTIF('INTEGRATION Tests'!H6:H10,"Pass") -> 0 | D27: =COUNTIF('INTEGRATION Tests'!H6:H10,"Fail") -> 0 | F27: =IF(B26>0,C26/B26*100,0) -> 0
A28: TỔNG CỘNG | B28: 50 | C28: =SUM(C21:C26) -> 0 | D28: =SUM(D21:D26) -> 0 | F28: =IF(B27>0,C27/B27*100,0) -> 0
A30: PHÂN LOẠI THEO ĐỘ ƯU TIÊN
A31: Loại Test | B31: Tổng số TC | C31: Passed | D31: Failed | E31: Blocked | F31: Pass Rate (%)
A32: Critical | B32: 15
A33: High | B33: 20
A34: Medium | B34: 10
A35: Low | B35: 5
A36: TỔNG CỘNG | B36: 50

Sheet CREATE Tests
A1: CREATE FUNCTION - 30 TEST CASES
A3: TC ID | B3: Mô tả | C3: Loại Test | D3: Username | E3: Password | F3: Fullname | G3: Role | H3: Email | I3: Kết quả mong đợi | J3: Result | K3: Note
A4: TC_001 | B4: Thêm user hợp lệ đầy đủ | C4: Positive | D4: newuser | E4: pass123 | F4: Nguyễn Văn A | G4: User | H4: newuser@gmail.com | I4: ✅ Thêm thành công
A5: TC_002 | B5: Username rỗng | C5: Negative | D5: (empty) | E5: pass123 | F5: Nguyễn Văn A | G5: User | H5: test@gmail.com | I5: ❌ Username is required!
A6: TC_003 | B6: Username quá ngắn (<3) | C6: Boundary | D6: ab | E6: pass123 | F6: Nguyễn Văn A | G6: User | H6: test@gmail.com | I6: ❌ Username must be 3-50 characters!
A7: TC_004 | B7: Username đúng 3 ký tự | C7: Boundary | D7: abc | E7: pass123 | F7: Nguyễn Văn A | G7: User | H7: abc@gmail.com | I7: ✅ Thêm thành công
A8: TC_005 | B8: Username đúng 50 ký tự | C8: Boundary | D8: [50 chars] | E8: pass123 | F8: Nguyễn Văn A | G8: User | H8: test50@gmail.com | I8: ✅ Thêm thành công
A9: TC_006 | B9: Username quá dài (>50) | C9: Boundary | D9: [51 chars] | E9: pass123 | F9: Nguyễn Văn A | G9: User | H9: test@gmail.com | I9: ❌ Username must be 3-50 characters!
A10: TC_007 | B10: Username có khoảng trắng | C10: Negative | D10: user name | E10: pass123 | F10: Nguyễn Văn A | G10: User | H10: test@gmail.com | I10: ❌ Username can only contain letters, numbers, underscores!
A11: TC_008 | B11: Username có ký tự đặc biệt | C11: Negative | D11: user@123 | E11: pass123 | F11: Nguyễn Văn A | G11: User | H11: test@gmail.com | I11: ❌ Username can only contain letters, numbers, underscores!
A12: TC_009 | B12: Username trùng lặp | C12: Negative | D12: admin | E12: pass123 | F12: Nguyễn Văn B | G12: User | H12: test@gmail.com | I12: ❌ Username already exists!
A13: TC_010 | B13: Password rỗng | C13: Negative | D13: newuser2 | E13: (empty) | F13: Nguyễn Văn A | G13: User | H13: test2@gmail.com | I13: ❌ Password is required!
A14: TC_011 | B14: Password quá ngắn (<3) | C14: Boundary | D14: newuser3 | E14: 12 | F14: Nguyễn Văn A | G14: User | H14: test3@gmail.com | I14: ❌ Password must be at least 3 characters!
A15: TC_012 | B15: Password đúng 3 ký tự | C15: Boundary | D15: newuser4 | E15: 123 | F15: Nguyễn Văn A | G15: User | H15: test4@gmail.com | I15: ✅ Thêm thành công
... A33: TC_030 | B33: Tất cả trường hợp lệ (Unicode) | C33: Positive | D33: newuser22 | E33: pass@123 | F33: Trần Thị Bình | G33: Manager | H33: binhtt@fpt.edu.vn | I33: ✅ Thêm thành công

Sheet UPDATE Tests
A1: UPDATE FUNCTION - 7 TEST CASES
A3: TC ID | B3: Mô tả | C3: Loại Test | D3: Thao tác | E3: Kết quả mong đợi | F3: Priority | G3: Result | H3: Note
A4: TC_031 | B4: Cập nhật thông tin hợp lệ | C4: Positive | D4: Chọn user, sửa fullname → Update | E4: ✅ Cập nhật thành công, dữ liệu thay đổi | F4: High
A5: TC_032 | B5: Cập nhật không chọn user | C5: Negative | D5: Không chọn user → Click Update | E5: ❌ Please select a user to update! | F5: High
A6: TC_033 | B6: Cập nhật username trùng | C6: Negative | D6: Chọn user01, đổi username thành "admin" → Update | E6: ❌ Username already exists! | F6: High
A7: TC_034 | B7: Cập nhật email trùng | C7: Negative | D7: Chọn user01, đổi email thành email của user khác → Update | E7: ❌ Email already exists! | F7: High
A8: TC_035 | B8: Cập nhật password mới | C8: Positive | D8: Chọn user, đổi password → Update | E8: ✅ Password được mã hóa và lưu | F8: Medium
A9: TC_036 | B9: Cập nhật role | C9: Positive | D9: Chọn user, đổi role từ User → Admin → Update | E9: ✅ Role được cập nhật | F9: Medium
A10: TC_037 | B10: Cập nhật với dữ liệu không hợp lệ | C10: Negative | D10: Chọn user, xóa username → Update | E10: ❌ Hiển thị lỗi validation | F10: High

Sheet DELETE Tests
A1: DELETE FUNCTION - 4 TEST CASES
A3: TC ID | B3: Mô tả | C3: Loại Test | D3: Thao tác | E3: Kết quả mong đợi | F3: Priority | G3: Result | H3: Note
A4: TC_038 | B4: Xóa user đã chọn (có confirm) | C4: Positive | D4: Chọn user → Delete → Confirm Yes | E4: ✅ User bị xóa khỏi database | F4: High
A5: TC_039 | B5: Xóa user đã chọn (cancel confirm) | C5: Positive | D5: Chọn user → Delete → Cancel | E5: ✅ User không bị xóa | F5: Medium
A6: TC_040 | B6: Xóa không chọn user | C6: Negative | D6: Không chọn user → Click Delete | E6: ❌ Please select a user to delete! | F6: High
A7: TC_041 | B7: Xóa và refresh danh sách | C7: Positive | D7: Xóa user → Kiểm tra table | E7: ✅ User không còn trong table | F7: High

Sheet RESET Tests
A1: RESET FUNCTION - 2 TEST CASES
A3: TC ID | B3: Mô tả | C3: Loại Test | D3: Thao tác | E3: Kết quả mong đợi | F3: Priority | G3: Result | H3: Note
A4: TC_042 | B4: Reset form đang nhập | C4: Positive | D4: Nhập dữ liệu → Click Reset | E4: ✅ Tất cả trường bị xóa trắng | F4: Medium
A5: TC_043 | B5: Reset form đang chọn user | C5: Positive | D5: Chọn user từ table → Click Reset | E5: ✅ Form xóa trắng, bỏ chọn selection | F5: Medium

Sheet SELECT Tests
A1: SELECT FUNCTION - 2 TEST CASES
A3: TC ID | B3: Mô tả | C3: Loại Test | D3: Thao tác | E3: Kết quả mong đợi | F3: Priority | G3: Result | H3: Note
A4: TC_044 | B4: Chọn user từ table | C4: Positive | D4: Click vào dòng user trong table | E4: ✅ Thông tin hiển thị đầy đủ trên form | F4: High
A5: TC_045 | B5: Chọn user khác | C5: Positive | D5: Chọn user A, sau đó chọn user B | E5: ✅ Form hiển thị thông tin user B | F5: Medium

Sheet INTEGRATION Tests
A1: INTEGRATION TESTING - 5 TEST CASES
A3: TC ID | B3: Mô tả | C3: Loại Test | D3: Thao tác | E3: Kết quả mong đợi | F3: Priority | G3: Result | H3: Note
A4: TC_046 | B4: Kết nối database thành công | C4: Integration | D4: Mở ứng dụng | E4: ✅ Danh sách user load từ DB | F4: Critical
A5: TC_047 | B5: Kết nối database thất bại | C5: Integration | D5: Tắt SQL Server → Mở app | E5: ❌ Hiển thị lỗi kết nối rõ ràng | F5: Critical
A6: TC_048 | B6: Đồng bộ dữ liệu sau CRUD | C6: Integration | D6: Create/Update/Delete → Kiểm tra table | E6: ✅ Table tự động refresh | F6: High
A7: TC_049 | B7: Transaction rollback khi lỗi | C7: Integration | D7: Insert với dữ liệu conflict → Lỗi | E7: ✅ Database không thay đổi | F7: High
A8: TC_050 | B8: Hiển thị danh sách rỗng | C8: Integration | D8: Xóa hết users | E8: ✅ Table trống, không lỗi | F8: Medium

Sheet Bug Report
A1: BẢNG TÓM TẮT LỖI - BÀI 6
A3: PHÂN LOẠI THEO MỨC ĐỘ NGHIÊM TRỌNG
A4: Mức độ | B4: Số lượng | C4: Mô tả | D4: Ví dụ
A5: Critical | B5: 0 | C5: Ứng dụng crash, mất dữ liệu | D5: -
A6: High | B6: 0 | C6: Chức năng chính không hoạt động | D6: -
A7: Medium | B7: 0 | C7: Validation sai, logic lỗi | D7: -
A8: Low | B8: 0 | C8: Lỗi giao diện, thông báo | D8: -
A10: PHÂN LOẠI THEO TRẠNG THÁI
A11: Trạng thái | B11: Số lượng | C11: %
A12: New | B12: 0 | C12: 0%
A13: Open | B13: 0 | C13: 0%
A14: In Progress | B14: 0 | C14: 0%
A15: Fixed | B15: 0 | C15: 0%
A16: Reopen | B16: 0 | C16: 0%
A17: Closed | B17: 0 | C17: 0%
A20: CHI TIẾT LỖI (DETAILED BUG REPORT)
A21: Bug ID | B21: Test ID | C21: Severity | D21: Priority | E21: Mô tả lỗi | F21: Bước tái hiện | G21: Actual Result | H21: Expected Result | I21: Status | J21: Assigned To | K21: Ghi chú

Sheet Equivalence Partitioning
A1: PHÂN TÍCH EQUIVALENCE PARTITIONING - BÀI 6
A3: TRƯỜNG: USERNAME (VARCHAR 50)
A4: Partition | B4: Valid/Invalid | C4: Giá trị mẫu | D4: Mô tả | E4: Test Cases
A5: P1 | B5: Valid | C5: user123 | D5: 3-50 ký tự, định dạng hợp lệ | E5: TC_001, TC_004, TC_005
A6: P2 | B6: Invalid | C6: ab | D6: < 3 ký tự | E6: TC_003
A7: P3 | B7: Invalid | C7: [51 chars] | D7: > 50 ký tự | E7: TC_006
A8: P4 | B8: Invalid | C8: user name | D8: Có khoảng trắng | E8: TC_007
A9: P5 | B9: Invalid | C9: user@123 | D9: Có ký tự đặc biệt | E9: TC_008
A10: P6 | B10: Invalid | C10: (empty) | D10: Rỗng | E10: TC_002
A11: P7 | B11: Invalid | C11: admin | D11: Trùng lặp | E11: TC_009
A13: TRƯỜNG: PASSWORD (VARCHAR 100)
A14: Partition | B14: Valid/Invalid | C14: Giá trị mẫu | D14: Mô tả | E14: Test Cases
A15: P1 | B15: Valid | C15: pass123 | D15: 3-100 ký tự | E15: TC_001, TC_012, TC_013
A16: P2 | B16: Invalid | C16: 12 | D16: < 3 ký tự | E16: TC_011
A17: P3 | B17: Invalid | C17: [101 chars] | D17: > 100 ký tự | E17: TC_014
A18: P4 | B18: Invalid | C18: (empty) | D18: Rỗng | E18: TC_010
A20: TRƯỜNG: FULLNAME (NVARCHAR 100)
A21: Partition | B21: Valid/Invalid | C21: Giá trị mẫu | D21: Mô tả | E21: Test Cases
A22: P1 | B22: Valid | C22: Nguyễn Văn A | D22: 1-100 ký tự, Unicode | E22: TC_001, TC_016, TC_017
A23: P2 | B23: Invalid | C23: (empty) | D23: Rỗng | E23: TC_015
A24: P3 | B24: Invalid | C24: [101 chars] | D24: > 100 ký tự | E24: TC_018
A26: TRƯỜNG: ROLE (VARCHAR 20)
A27: Partition | B27: Valid/Invalid | C27: Giá trị mẫu | D27: Mô tả | E27: Test Cases
A28: P1 | B28: Valid | C28: Admin | D28: Giá trị hợp lệ | E28: TC_020
A29: P2 | B29: Valid | C29: User | D29: Giá trị hợp lệ | E29: TC_021
A30: P3 | B30: Valid | C30: Manager | D30: Giá trị hợp lệ | E30: TC_022
A31: P4 | B31: Valid | C31: Guest | D31: Giá trị hợp lệ | E31: TC_023
A32: P5 | B32: Invalid | C32: (empty) | D32: Chưa chọn | E32: TC_019
A34: TRƯỜNG: EMAIL (VARCHAR 100)
A35: Partition | B35: Valid/Invalid | C35: Giá trị mẫu | D35: Mô tả | E35: Test Cases
A36: P1 | B36: Valid | C36: user@gmail.com | D36: Email hợp lệ | E36: TC_001, TC_029
A37: P2 | B37: Invalid | C37: testgmail.com | D37: Thiếu @ | E37: TC_025
A38: P3 | B38: Invalid | C38: test@ | D38: Thiếu domain | E38: TC_026
A39: P4 | B39: Invalid | C39: @gmail.com | D39: Thiếu local part | E39: TC_027
A40: P5 | B40: Invalid | C40: (empty) | D40: Rỗng | E40: TC_024
A41: P6 | B41: Invalid | C41: admin@gmail.com | D41: Trùng lặp | E41: TC_028
